{
    "name": "Global Information",
    "numberOfRequests": {
        "total": 21,
        "ok": 21,
        "ko": 0
    },
    "minResponseTime": {
        "total": 100,
        "ok": 100,
        "ko": 0
    },
    "maxResponseTime": {
        "total": 378,
        "ok": 378,
        "ko": 0
    },
    "meanResponseTime": {
        "total": 128,
        "ok": 128,
        "ko": 0
    },
    "standardDeviation": {
        "total": 57,
        "ok": 57,
        "ko": 0
    },
    "percentiles1": {
        "total": 114,
        "ok": 114,
        "ko": 0
    },
    "percentiles2": {
        "total": 123,
        "ok": 123,
        "ko": 0
    },
    "percentiles3": {
        "total": 153,
        "ok": 153,
        "ko": 0
    },
    "percentiles4": {
        "total": 333,
        "ok": 333,
        "ko": 0
    },
    "group1": {
        "name": "t < 800 ms",
        "count": 21,
        "percentage": 100
    },
    "group2": {
        "name": "800 ms < t < 1200 ms",
        "count": 0,
        "percentage": 0
    },
    "group3": {
        "name": "t > 1200 ms",
        "count": 0,
        "percentage": 0
    },
    "group4": {
        "name": "failed",
        "count": 0,
        "percentage": 0
    },
    "meanNumberOfRequestsPerSecond": {
        "total": 1.4,
        "ok": 1.4,
        "ko": 0
    }
}