{
  "type": "GROUP",
"name": "Global Information",
"path": "",
"pathFormatted": "group_missing-name-b06d1",
"stats": {
    "name": "Global Information",
    "numberOfRequests": {
        "total": 21,
        "ok": 21,
        "ko": 0
    },
    "minResponseTime": {
        "total": 100,
        "ok": 100,
        "ko": 0
    },
    "maxResponseTime": {
        "total": 378,
        "ok": 378,
        "ko": 0
    },
    "meanResponseTime": {
        "total": 128,
        "ok": 128,
        "ko": 0
    },
    "standardDeviation": {
        "total": 57,
        "ok": 57,
        "ko": 0
    },
    "percentiles1": {
        "total": 114,
        "ok": 114,
        "ko": 0
    },
    "percentiles2": {
        "total": 123,
        "ok": 123,
        "ko": 0
    },
    "percentiles3": {
        "total": 153,
        "ok": 153,
        "ko": 0
    },
    "percentiles4": {
        "total": 333,
        "ok": 333,
        "ko": 0
    },
    "group1": {
        "name": "t < 800 ms",
        "count": 21,
        "percentage": 100
    },
    "group2": {
        "name": "800 ms < t < 1200 ms",
        "count": 0,
        "percentage": 0
    },
    "group3": {
        "name": "t > 1200 ms",
        "count": 0,
        "percentage": 0
    },
    "group4": {
        "name": "failed",
        "count": 0,
        "percentage": 0
    },
    "meanNumberOfRequestsPerSecond": {
        "total": 1.4,
        "ok": 1.4,
        "ko": 0
    }
},
"contents": {
"req_getvendorcode-n-bd0b5": {
        "type": "REQUEST",
        "name": "GetVendorCode_NZ",
"path": "GetVendorCode_NZ",
"pathFormatted": "req_getvendorcode-n-bd0b5",
"stats": {
    "name": "GetVendorCode_NZ",
    "numberOfRequests": {
        "total": 1,
        "ok": 1,
        "ko": 0
    },
    "minResponseTime": {
        "total": 378,
        "ok": 378,
        "ko": 0
    },
    "maxResponseTime": {
        "total": 378,
        "ok": 378,
        "ko": 0
    },
    "meanResponseTime": {
        "total": 378,
        "ok": 378,
        "ko": 0
    },
    "standardDeviation": {
        "total": 0,
        "ok": 0,
        "ko": 0
    },
    "percentiles1": {
        "total": 378,
        "ok": 378,
        "ko": 0
    },
    "percentiles2": {
        "total": 378,
        "ok": 378,
        "ko": 0
    },
    "percentiles3": {
        "total": 378,
        "ok": 378,
        "ko": 0
    },
    "percentiles4": {
        "total": 378,
        "ok": 378,
        "ko": 0
    },
    "group1": {
        "name": "t < 800 ms",
        "count": 1,
        "percentage": 100
    },
    "group2": {
        "name": "800 ms < t < 1200 ms",
        "count": 0,
        "percentage": 0
    },
    "group3": {
        "name": "t > 1200 ms",
        "count": 0,
        "percentage": 0
    },
    "group4": {
        "name": "failed",
        "count": 0,
        "percentage": 0
    },
    "meanNumberOfRequestsPerSecond": {
        "total": 0.06666666666666667,
        "ok": 0.06666666666666667,
        "ko": 0
    }
}
    },"req_getvendorcode-n-87ab9": {
        "type": "REQUEST",
        "name": "GetVendorCode_NZ Redirect 1",
"path": "GetVendorCode_NZ Redirect 1",
"pathFormatted": "req_getvendorcode-n-87ab9",
"stats": {
    "name": "GetVendorCode_NZ Redirect 1",
    "numberOfRequests": {
        "total": 1,
        "ok": 1,
        "ko": 0
    },
    "minResponseTime": {
        "total": 141,
        "ok": 141,
        "ko": 0
    },
    "maxResponseTime": {
        "total": 141,
        "ok": 141,
        "ko": 0
    },
    "meanResponseTime": {
        "total": 141,
        "ok": 141,
        "ko": 0
    },
    "standardDeviation": {
        "total": 0,
        "ok": 0,
        "ko": 0
    },
    "percentiles1": {
        "total": 141,
        "ok": 141,
        "ko": 0
    },
    "percentiles2": {
        "total": 141,
        "ok": 141,
        "ko": 0
    },
    "percentiles3": {
        "total": 141,
        "ok": 141,
        "ko": 0
    },
    "percentiles4": {
        "total": 141,
        "ok": 141,
        "ko": 0
    },
    "group1": {
        "name": "t < 800 ms",
        "count": 1,
        "percentage": 100
    },
    "group2": {
        "name": "800 ms < t < 1200 ms",
        "count": 0,
        "percentage": 0
    },
    "group3": {
        "name": "t > 1200 ms",
        "count": 0,
        "percentage": 0
    },
    "group4": {
        "name": "failed",
        "count": 0,
        "percentage": 0
    },
    "meanNumberOfRequestsPerSecond": {
        "total": 0.06666666666666667,
        "ok": 0.06666666666666667,
        "ko": 0
    }
}
    },"req_postbrandinfoby-ba184": {
        "type": "REQUEST",
        "name": "PostBrandInfoByNoRegion",
"path": "PostBrandInfoByNoRegion",
"pathFormatted": "req_postbrandinfoby-ba184",
"stats": {
    "name": "PostBrandInfoByNoRegion",
    "numberOfRequests": {
        "total": 1,
        "ok": 1,
        "ko": 0
    },
    "minResponseTime": {
        "total": 108,
        "ok": 108,
        "ko": 0
    },
    "maxResponseTime": {
        "total": 108,
        "ok": 108,
        "ko": 0
    },
    "meanResponseTime": {
        "total": 108,
        "ok": 108,
        "ko": 0
    },
    "standardDeviation": {
        "total": 0,
        "ok": 0,
        "ko": 0
    },
    "percentiles1": {
        "total": 108,
        "ok": 108,
        "ko": 0
    },
    "percentiles2": {
        "total": 108,
        "ok": 108,
        "ko": 0
    },
    "percentiles3": {
        "total": 108,
        "ok": 108,
        "ko": 0
    },
    "percentiles4": {
        "total": 108,
        "ok": 108,
        "ko": 0
    },
    "group1": {
        "name": "t < 800 ms",
        "count": 1,
        "percentage": 100
    },
    "group2": {
        "name": "800 ms < t < 1200 ms",
        "count": 0,
        "percentage": 0
    },
    "group3": {
        "name": "t > 1200 ms",
        "count": 0,
        "percentage": 0
    },
    "group4": {
        "name": "failed",
        "count": 0,
        "percentage": 0
    },
    "meanNumberOfRequestsPerSecond": {
        "total": 0.06666666666666667,
        "ok": 0.06666666666666667,
        "ko": 0
    }
}
    },"req_postbrandinfoby-e9903": {
        "type": "REQUEST",
        "name": "PostBrandInfoByNoRegion Redirect 1",
"path": "PostBrandInfoByNoRegion Redirect 1",
"pathFormatted": "req_postbrandinfoby-e9903",
"stats": {
    "name": "PostBrandInfoByNoRegion Redirect 1",
    "numberOfRequests": {
        "total": 1,
        "ok": 1,
        "ko": 0
    },
    "minResponseTime": {
        "total": 153,
        "ok": 153,
        "ko": 0
    },
    "maxResponseTime": {
        "total": 153,
        "ok": 153,
        "ko": 0
    },
    "meanResponseTime": {
        "total": 153,
        "ok": 153,
        "ko": 0
    },
    "standardDeviation": {
        "total": 0,
        "ok": 0,
        "ko": 0
    },
    "percentiles1": {
        "total": 153,
        "ok": 153,
        "ko": 0
    },
    "percentiles2": {
        "total": 153,
        "ok": 153,
        "ko": 0
    },
    "percentiles3": {
        "total": 153,
        "ok": 153,
        "ko": 0
    },
    "percentiles4": {
        "total": 153,
        "ok": 153,
        "ko": 0
    },
    "group1": {
        "name": "t < 800 ms",
        "count": 1,
        "percentage": 100
    },
    "group2": {
        "name": "800 ms < t < 1200 ms",
        "count": 0,
        "percentage": 0
    },
    "group3": {
        "name": "t > 1200 ms",
        "count": 0,
        "percentage": 0
    },
    "group4": {
        "name": "failed",
        "count": 0,
        "percentage": 0
    },
    "meanNumberOfRequestsPerSecond": {
        "total": 0.06666666666666667,
        "ok": 0.06666666666666667,
        "ko": 0
    }
}
    },"req_getbrandinfonz-a8f2b": {
        "type": "REQUEST",
        "name": "GetBrandInfoNZ",
"path": "GetBrandInfoNZ",
"pathFormatted": "req_getbrandinfonz-a8f2b",
"stats": {
    "name": "GetBrandInfoNZ",
    "numberOfRequests": {
        "total": 1,
        "ok": 1,
        "ko": 0
    },
    "minResponseTime": {
        "total": 108,
        "ok": 108,
        "ko": 0
    },
    "maxResponseTime": {
        "total": 108,
        "ok": 108,
        "ko": 0
    },
    "meanResponseTime": {
        "total": 108,
        "ok": 108,
        "ko": 0
    },
    "standardDeviation": {
        "total": 0,
        "ok": 0,
        "ko": 0
    },
    "percentiles1": {
        "total": 108,
        "ok": 108,
        "ko": 0
    },
    "percentiles2": {
        "total": 108,
        "ok": 108,
        "ko": 0
    },
    "percentiles3": {
        "total": 108,
        "ok": 108,
        "ko": 0
    },
    "percentiles4": {
        "total": 108,
        "ok": 108,
        "ko": 0
    },
    "group1": {
        "name": "t < 800 ms",
        "count": 1,
        "percentage": 100
    },
    "group2": {
        "name": "800 ms < t < 1200 ms",
        "count": 0,
        "percentage": 0
    },
    "group3": {
        "name": "t > 1200 ms",
        "count": 0,
        "percentage": 0
    },
    "group4": {
        "name": "failed",
        "count": 0,
        "percentage": 0
    },
    "meanNumberOfRequestsPerSecond": {
        "total": 0.06666666666666667,
        "ok": 0.06666666666666667,
        "ko": 0
    }
}
    },"req_getbrandinfonz--68829": {
        "type": "REQUEST",
        "name": "GetBrandInfoNZ Redirect 1",
"path": "GetBrandInfoNZ Redirect 1",
"pathFormatted": "req_getbrandinfonz--68829",
"stats": {
    "name": "GetBrandInfoNZ Redirect 1",
    "numberOfRequests": {
        "total": 1,
        "ok": 1,
        "ko": 0
    },
    "minResponseTime": {
        "total": 137,
        "ok": 137,
        "ko": 0
    },
    "maxResponseTime": {
        "total": 137,
        "ok": 137,
        "ko": 0
    },
    "meanResponseTime": {
        "total": 137,
        "ok": 137,
        "ko": 0
    },
    "standardDeviation": {
        "total": 0,
        "ok": 0,
        "ko": 0
    },
    "percentiles1": {
        "total": 137,
        "ok": 137,
        "ko": 0
    },
    "percentiles2": {
        "total": 137,
        "ok": 137,
        "ko": 0
    },
    "percentiles3": {
        "total": 137,
        "ok": 137,
        "ko": 0
    },
    "percentiles4": {
        "total": 137,
        "ok": 137,
        "ko": 0
    },
    "group1": {
        "name": "t < 800 ms",
        "count": 1,
        "percentage": 100
    },
    "group2": {
        "name": "800 ms < t < 1200 ms",
        "count": 0,
        "percentage": 0
    },
    "group3": {
        "name": "t > 1200 ms",
        "count": 0,
        "percentage": 0
    },
    "group4": {
        "name": "failed",
        "count": 0,
        "percentage": 0
    },
    "meanNumberOfRequestsPerSecond": {
        "total": 0.06666666666666667,
        "ok": 0.06666666666666667,
        "ko": 0
    }
}
    },"req_getbrandinfobyr-f14b2": {
        "type": "REQUEST",
        "name": "GetBrandInfoByRegionQuery",
"path": "GetBrandInfoByRegionQuery",
"pathFormatted": "req_getbrandinfobyr-f14b2",
"stats": {
    "name": "GetBrandInfoByRegionQuery",
    "numberOfRequests": {
        "total": 1,
        "ok": 1,
        "ko": 0
    },
    "minResponseTime": {
        "total": 131,
        "ok": 131,
        "ko": 0
    },
    "maxResponseTime": {
        "total": 131,
        "ok": 131,
        "ko": 0
    },
    "meanResponseTime": {
        "total": 131,
        "ok": 131,
        "ko": 0
    },
    "standardDeviation": {
        "total": 0,
        "ok": 0,
        "ko": 0
    },
    "percentiles1": {
        "total": 131,
        "ok": 131,
        "ko": 0
    },
    "percentiles2": {
        "total": 131,
        "ok": 131,
        "ko": 0
    },
    "percentiles3": {
        "total": 131,
        "ok": 131,
        "ko": 0
    },
    "percentiles4": {
        "total": 131,
        "ok": 131,
        "ko": 0
    },
    "group1": {
        "name": "t < 800 ms",
        "count": 1,
        "percentage": 100
    },
    "group2": {
        "name": "800 ms < t < 1200 ms",
        "count": 0,
        "percentage": 0
    },
    "group3": {
        "name": "t > 1200 ms",
        "count": 0,
        "percentage": 0
    },
    "group4": {
        "name": "failed",
        "count": 0,
        "percentage": 0
    },
    "meanNumberOfRequestsPerSecond": {
        "total": 0.06666666666666667,
        "ok": 0.06666666666666667,
        "ko": 0
    }
}
    },"req_getbrandinfobyr-657e6": {
        "type": "REQUEST",
        "name": "GetBrandInfoByRegionDefinitionQuery",
"path": "GetBrandInfoByRegionDefinitionQuery",
"pathFormatted": "req_getbrandinfobyr-657e6",
"stats": {
    "name": "GetBrandInfoByRegionDefinitionQuery",
    "numberOfRequests": {
        "total": 1,
        "ok": 1,
        "ko": 0
    },
    "minResponseTime": {
        "total": 123,
        "ok": 123,
        "ko": 0
    },
    "maxResponseTime": {
        "total": 123,
        "ok": 123,
        "ko": 0
    },
    "meanResponseTime": {
        "total": 123,
        "ok": 123,
        "ko": 0
    },
    "standardDeviation": {
        "total": 0,
        "ok": 0,
        "ko": 0
    },
    "percentiles1": {
        "total": 123,
        "ok": 123,
        "ko": 0
    },
    "percentiles2": {
        "total": 123,
        "ok": 123,
        "ko": 0
    },
    "percentiles3": {
        "total": 123,
        "ok": 123,
        "ko": 0
    },
    "percentiles4": {
        "total": 123,
        "ok": 123,
        "ko": 0
    },
    "group1": {
        "name": "t < 800 ms",
        "count": 1,
        "percentage": 100
    },
    "group2": {
        "name": "800 ms < t < 1200 ms",
        "count": 0,
        "percentage": 0
    },
    "group3": {
        "name": "t > 1200 ms",
        "count": 0,
        "percentage": 0
    },
    "group4": {
        "name": "failed",
        "count": 0,
        "percentage": 0
    },
    "meanNumberOfRequestsPerSecond": {
        "total": 0.06666666666666667,
        "ok": 0.06666666666666667,
        "ko": 0
    }
}
    },"req_getbrandnamewit-204bb": {
        "type": "REQUEST",
        "name": "GetBrandNameWithVendorCodeNZ",
"path": "GetBrandNameWithVendorCodeNZ",
"pathFormatted": "req_getbrandnamewit-204bb",
"stats": {
    "name": "GetBrandNameWithVendorCodeNZ",
    "numberOfRequests": {
        "total": 1,
        "ok": 1,
        "ko": 0
    },
    "minResponseTime": {
        "total": 121,
        "ok": 121,
        "ko": 0
    },
    "maxResponseTime": {
        "total": 121,
        "ok": 121,
        "ko": 0
    },
    "meanResponseTime": {
        "total": 121,
        "ok": 121,
        "ko": 0
    },
    "standardDeviation": {
        "total": 0,
        "ok": 0,
        "ko": 0
    },
    "percentiles1": {
        "total": 121,
        "ok": 121,
        "ko": 0
    },
    "percentiles2": {
        "total": 121,
        "ok": 121,
        "ko": 0
    },
    "percentiles3": {
        "total": 121,
        "ok": 121,
        "ko": 0
    },
    "percentiles4": {
        "total": 121,
        "ok": 121,
        "ko": 0
    },
    "group1": {
        "name": "t < 800 ms",
        "count": 1,
        "percentage": 100
    },
    "group2": {
        "name": "800 ms < t < 1200 ms",
        "count": 0,
        "percentage": 0
    },
    "group3": {
        "name": "t > 1200 ms",
        "count": 0,
        "percentage": 0
    },
    "group4": {
        "name": "failed",
        "count": 0,
        "percentage": 0
    },
    "meanNumberOfRequestsPerSecond": {
        "total": 0.06666666666666667,
        "ok": 0.06666666666666667,
        "ko": 0
    }
}
    },"req_getmappedfullbr-e256f": {
        "type": "REQUEST",
        "name": "GetMappedFullBrandNameByQueryName",
"path": "GetMappedFullBrandNameByQueryName",
"pathFormatted": "req_getmappedfullbr-e256f",
"stats": {
    "name": "GetMappedFullBrandNameByQueryName",
    "numberOfRequests": {
        "total": 1,
        "ok": 1,
        "ko": 0
    },
    "minResponseTime": {
        "total": 110,
        "ok": 110,
        "ko": 0
    },
    "maxResponseTime": {
        "total": 110,
        "ok": 110,
        "ko": 0
    },
    "meanResponseTime": {
        "total": 110,
        "ok": 110,
        "ko": 0
    },
    "standardDeviation": {
        "total": 0,
        "ok": 0,
        "ko": 0
    },
    "percentiles1": {
        "total": 110,
        "ok": 110,
        "ko": 0
    },
    "percentiles2": {
        "total": 110,
        "ok": 110,
        "ko": 0
    },
    "percentiles3": {
        "total": 110,
        "ok": 110,
        "ko": 0
    },
    "percentiles4": {
        "total": 110,
        "ok": 110,
        "ko": 0
    },
    "group1": {
        "name": "t < 800 ms",
        "count": 1,
        "percentage": 100
    },
    "group2": {
        "name": "800 ms < t < 1200 ms",
        "count": 0,
        "percentage": 0
    },
    "group3": {
        "name": "t > 1200 ms",
        "count": 0,
        "percentage": 0
    },
    "group4": {
        "name": "failed",
        "count": 0,
        "percentage": 0
    },
    "meanNumberOfRequestsPerSecond": {
        "total": 0.06666666666666667,
        "ok": 0.06666666666666667,
        "ko": 0
    }
}
    },"req_getmappedbrandn-948fb": {
        "type": "REQUEST",
        "name": "GetMappedBrandNameByVendorCode",
"path": "GetMappedBrandNameByVendorCode",
"pathFormatted": "req_getmappedbrandn-948fb",
"stats": {
    "name": "GetMappedBrandNameByVendorCode",
    "numberOfRequests": {
        "total": 1,
        "ok": 1,
        "ko": 0
    },
    "minResponseTime": {
        "total": 101,
        "ok": 101,
        "ko": 0
    },
    "maxResponseTime": {
        "total": 101,
        "ok": 101,
        "ko": 0
    },
    "meanResponseTime": {
        "total": 101,
        "ok": 101,
        "ko": 0
    },
    "standardDeviation": {
        "total": 0,
        "ok": 0,
        "ko": 0
    },
    "percentiles1": {
        "total": 101,
        "ok": 101,
        "ko": 0
    },
    "percentiles2": {
        "total": 101,
        "ok": 101,
        "ko": 0
    },
    "percentiles3": {
        "total": 101,
        "ok": 101,
        "ko": 0
    },
    "percentiles4": {
        "total": 101,
        "ok": 101,
        "ko": 0
    },
    "group1": {
        "name": "t < 800 ms",
        "count": 1,
        "percentage": 100
    },
    "group2": {
        "name": "800 ms < t < 1200 ms",
        "count": 0,
        "percentage": 0
    },
    "group3": {
        "name": "t > 1200 ms",
        "count": 0,
        "percentage": 0
    },
    "group4": {
        "name": "failed",
        "count": 0,
        "percentage": 0
    },
    "meanNumberOfRequestsPerSecond": {
        "total": 0.06666666666666667,
        "ok": 0.06666666666666667,
        "ko": 0
    }
}
    },"req_getmappedbrandn-87f2e": {
        "type": "REQUEST",
        "name": "GetMappedBrandNameByVendorCode Redirect 1",
"path": "GetMappedBrandNameByVendorCode Redirect 1",
"pathFormatted": "req_getmappedbrandn-87f2e",
"stats": {
    "name": "GetMappedBrandNameByVendorCode Redirect 1",
    "numberOfRequests": {
        "total": 1,
        "ok": 1,
        "ko": 0
    },
    "minResponseTime": {
        "total": 110,
        "ok": 110,
        "ko": 0
    },
    "maxResponseTime": {
        "total": 110,
        "ok": 110,
        "ko": 0
    },
    "meanResponseTime": {
        "total": 110,
        "ok": 110,
        "ko": 0
    },
    "standardDeviation": {
        "total": 0,
        "ok": 0,
        "ko": 0
    },
    "percentiles1": {
        "total": 110,
        "ok": 110,
        "ko": 0
    },
    "percentiles2": {
        "total": 110,
        "ok": 110,
        "ko": 0
    },
    "percentiles3": {
        "total": 110,
        "ok": 110,
        "ko": 0
    },
    "percentiles4": {
        "total": 110,
        "ok": 110,
        "ko": 0
    },
    "group1": {
        "name": "t < 800 ms",
        "count": 1,
        "percentage": 100
    },
    "group2": {
        "name": "800 ms < t < 1200 ms",
        "count": 0,
        "percentage": 0
    },
    "group3": {
        "name": "t > 1200 ms",
        "count": 0,
        "percentage": 0
    },
    "group4": {
        "name": "failed",
        "count": 0,
        "percentage": 0
    },
    "meanNumberOfRequestsPerSecond": {
        "total": 0.06666666666666667,
        "ok": 0.06666666666666667,
        "ko": 0
    }
}
    },"req_getmappedbrandn-3dda3": {
        "type": "REQUEST",
        "name": "GetMappedBrandNameByBrandName",
"path": "GetMappedBrandNameByBrandName",
"pathFormatted": "req_getmappedbrandn-3dda3",
"stats": {
    "name": "GetMappedBrandNameByBrandName",
    "numberOfRequests": {
        "total": 1,
        "ok": 1,
        "ko": 0
    },
    "minResponseTime": {
        "total": 111,
        "ok": 111,
        "ko": 0
    },
    "maxResponseTime": {
        "total": 111,
        "ok": 111,
        "ko": 0
    },
    "meanResponseTime": {
        "total": 111,
        "ok": 111,
        "ko": 0
    },
    "standardDeviation": {
        "total": 0,
        "ok": 0,
        "ko": 0
    },
    "percentiles1": {
        "total": 111,
        "ok": 111,
        "ko": 0
    },
    "percentiles2": {
        "total": 111,
        "ok": 111,
        "ko": 0
    },
    "percentiles3": {
        "total": 111,
        "ok": 111,
        "ko": 0
    },
    "percentiles4": {
        "total": 111,
        "ok": 111,
        "ko": 0
    },
    "group1": {
        "name": "t < 800 ms",
        "count": 1,
        "percentage": 100
    },
    "group2": {
        "name": "800 ms < t < 1200 ms",
        "count": 0,
        "percentage": 0
    },
    "group3": {
        "name": "t > 1200 ms",
        "count": 0,
        "percentage": 0
    },
    "group4": {
        "name": "failed",
        "count": 0,
        "percentage": 0
    },
    "meanNumberOfRequestsPerSecond": {
        "total": 0.06666666666666667,
        "ok": 0.06666666666666667,
        "ko": 0
    }
}
    },"req_postbrandsnz-1fcd4": {
        "type": "REQUEST",
        "name": "POSTBrandsNZ",
"path": "POSTBrandsNZ",
"pathFormatted": "req_postbrandsnz-1fcd4",
"stats": {
    "name": "POSTBrandsNZ",
    "numberOfRequests": {
        "total": 1,
        "ok": 1,
        "ko": 0
    },
    "minResponseTime": {
        "total": 102,
        "ok": 102,
        "ko": 0
    },
    "maxResponseTime": {
        "total": 102,
        "ok": 102,
        "ko": 0
    },
    "meanResponseTime": {
        "total": 102,
        "ok": 102,
        "ko": 0
    },
    "standardDeviation": {
        "total": 0,
        "ok": 0,
        "ko": 0
    },
    "percentiles1": {
        "total": 102,
        "ok": 102,
        "ko": 0
    },
    "percentiles2": {
        "total": 102,
        "ok": 102,
        "ko": 0
    },
    "percentiles3": {
        "total": 102,
        "ok": 102,
        "ko": 0
    },
    "percentiles4": {
        "total": 102,
        "ok": 102,
        "ko": 0
    },
    "group1": {
        "name": "t < 800 ms",
        "count": 1,
        "percentage": 100
    },
    "group2": {
        "name": "800 ms < t < 1200 ms",
        "count": 0,
        "percentage": 0
    },
    "group3": {
        "name": "t > 1200 ms",
        "count": 0,
        "percentage": 0
    },
    "group4": {
        "name": "failed",
        "count": 0,
        "percentage": 0
    },
    "meanNumberOfRequestsPerSecond": {
        "total": 0.06666666666666667,
        "ok": 0.06666666666666667,
        "ko": 0
    }
}
    },"req_postbrandsnz-re-63f6c": {
        "type": "REQUEST",
        "name": "POSTBrandsNZ Redirect 1",
"path": "POSTBrandsNZ Redirect 1",
"pathFormatted": "req_postbrandsnz-re-63f6c",
"stats": {
    "name": "POSTBrandsNZ Redirect 1",
    "numberOfRequests": {
        "total": 1,
        "ok": 1,
        "ko": 0
    },
    "minResponseTime": {
        "total": 114,
        "ok": 114,
        "ko": 0
    },
    "maxResponseTime": {
        "total": 114,
        "ok": 114,
        "ko": 0
    },
    "meanResponseTime": {
        "total": 114,
        "ok": 114,
        "ko": 0
    },
    "standardDeviation": {
        "total": 0,
        "ok": 0,
        "ko": 0
    },
    "percentiles1": {
        "total": 114,
        "ok": 114,
        "ko": 0
    },
    "percentiles2": {
        "total": 114,
        "ok": 114,
        "ko": 0
    },
    "percentiles3": {
        "total": 114,
        "ok": 114,
        "ko": 0
    },
    "percentiles4": {
        "total": 114,
        "ok": 114,
        "ko": 0
    },
    "group1": {
        "name": "t < 800 ms",
        "count": 1,
        "percentage": 100
    },
    "group2": {
        "name": "800 ms < t < 1200 ms",
        "count": 0,
        "percentage": 0
    },
    "group3": {
        "name": "t > 1200 ms",
        "count": 0,
        "percentage": 0
    },
    "group4": {
        "name": "failed",
        "count": 0,
        "percentage": 0
    },
    "meanNumberOfRequestsPerSecond": {
        "total": 0.06666666666666667,
        "ok": 0.06666666666666667,
        "ko": 0
    }
}
    },"req_postbrandinfoby-ce5d6": {
        "type": "REQUEST",
        "name": "PostBrandInfoBySpecificRegionExactMatch",
"path": "PostBrandInfoBySpecificRegionExactMatch",
"pathFormatted": "req_postbrandinfoby-ce5d6",
"stats": {
    "name": "PostBrandInfoBySpecificRegionExactMatch",
    "numberOfRequests": {
        "total": 1,
        "ok": 1,
        "ko": 0
    },
    "minResponseTime": {
        "total": 102,
        "ok": 102,
        "ko": 0
    },
    "maxResponseTime": {
        "total": 102,
        "ok": 102,
        "ko": 0
    },
    "meanResponseTime": {
        "total": 102,
        "ok": 102,
        "ko": 0
    },
    "standardDeviation": {
        "total": 0,
        "ok": 0,
        "ko": 0
    },
    "percentiles1": {
        "total": 102,
        "ok": 102,
        "ko": 0
    },
    "percentiles2": {
        "total": 102,
        "ok": 102,
        "ko": 0
    },
    "percentiles3": {
        "total": 102,
        "ok": 102,
        "ko": 0
    },
    "percentiles4": {
        "total": 102,
        "ok": 102,
        "ko": 0
    },
    "group1": {
        "name": "t < 800 ms",
        "count": 1,
        "percentage": 100
    },
    "group2": {
        "name": "800 ms < t < 1200 ms",
        "count": 0,
        "percentage": 0
    },
    "group3": {
        "name": "t > 1200 ms",
        "count": 0,
        "percentage": 0
    },
    "group4": {
        "name": "failed",
        "count": 0,
        "percentage": 0
    },
    "meanNumberOfRequestsPerSecond": {
        "total": 0.06666666666666667,
        "ok": 0.06666666666666667,
        "ko": 0
    }
}
    },"req_postbrandinfoby-b15af": {
        "type": "REQUEST",
        "name": "PostBrandInfoBySpecificRegionExactMatch Redirect 1",
"path": "PostBrandInfoBySpecificRegionExactMatch Redirect 1",
"pathFormatted": "req_postbrandinfoby-b15af",
"stats": {
    "name": "PostBrandInfoBySpecificRegionExactMatch Redirect 1",
    "numberOfRequests": {
        "total": 1,
        "ok": 1,
        "ko": 0
    },
    "minResponseTime": {
        "total": 118,
        "ok": 118,
        "ko": 0
    },
    "maxResponseTime": {
        "total": 118,
        "ok": 118,
        "ko": 0
    },
    "meanResponseTime": {
        "total": 118,
        "ok": 118,
        "ko": 0
    },
    "standardDeviation": {
        "total": 0,
        "ok": 0,
        "ko": 0
    },
    "percentiles1": {
        "total": 118,
        "ok": 118,
        "ko": 0
    },
    "percentiles2": {
        "total": 118,
        "ok": 118,
        "ko": 0
    },
    "percentiles3": {
        "total": 118,
        "ok": 118,
        "ko": 0
    },
    "percentiles4": {
        "total": 118,
        "ok": 118,
        "ko": 0
    },
    "group1": {
        "name": "t < 800 ms",
        "count": 1,
        "percentage": 100
    },
    "group2": {
        "name": "800 ms < t < 1200 ms",
        "count": 0,
        "percentage": 0
    },
    "group3": {
        "name": "t > 1200 ms",
        "count": 0,
        "percentage": 0
    },
    "group4": {
        "name": "failed",
        "count": 0,
        "percentage": 0
    },
    "meanNumberOfRequestsPerSecond": {
        "total": 0.06666666666666667,
        "ok": 0.06666666666666667,
        "ko": 0
    }
}
    },"req_postbrandinfoby-4fd2b": {
        "type": "REQUEST",
        "name": "PostBrandInfoBySpecificRegionReverseMatch",
"path": "PostBrandInfoBySpecificRegionReverseMatch",
"pathFormatted": "req_postbrandinfoby-4fd2b",
"stats": {
    "name": "PostBrandInfoBySpecificRegionReverseMatch",
    "numberOfRequests": {
        "total": 1,
        "ok": 1,
        "ko": 0
    },
    "minResponseTime": {
        "total": 101,
        "ok": 101,
        "ko": 0
    },
    "maxResponseTime": {
        "total": 101,
        "ok": 101,
        "ko": 0
    },
    "meanResponseTime": {
        "total": 101,
        "ok": 101,
        "ko": 0
    },
    "standardDeviation": {
        "total": 0,
        "ok": 0,
        "ko": 0
    },
    "percentiles1": {
        "total": 101,
        "ok": 101,
        "ko": 0
    },
    "percentiles2": {
        "total": 101,
        "ok": 101,
        "ko": 0
    },
    "percentiles3": {
        "total": 101,
        "ok": 101,
        "ko": 0
    },
    "percentiles4": {
        "total": 101,
        "ok": 101,
        "ko": 0
    },
    "group1": {
        "name": "t < 800 ms",
        "count": 1,
        "percentage": 100
    },
    "group2": {
        "name": "800 ms < t < 1200 ms",
        "count": 0,
        "percentage": 0
    },
    "group3": {
        "name": "t > 1200 ms",
        "count": 0,
        "percentage": 0
    },
    "group4": {
        "name": "failed",
        "count": 0,
        "percentage": 0
    },
    "meanNumberOfRequestsPerSecond": {
        "total": 0.06666666666666667,
        "ok": 0.06666666666666667,
        "ko": 0
    }
}
    },"req_postbrandinfoby-e11c5": {
        "type": "REQUEST",
        "name": "PostBrandInfoBySpecificRegionReverseMatch Redirect 1",
"path": "PostBrandInfoBySpecificRegionReverseMatch Redirect 1",
"pathFormatted": "req_postbrandinfoby-e11c5",
"stats": {
    "name": "PostBrandInfoBySpecificRegionReverseMatch Redirect 1",
    "numberOfRequests": {
        "total": 1,
        "ok": 1,
        "ko": 0
    },
    "minResponseTime": {
        "total": 115,
        "ok": 115,
        "ko": 0
    },
    "maxResponseTime": {
        "total": 115,
        "ok": 115,
        "ko": 0
    },
    "meanResponseTime": {
        "total": 115,
        "ok": 115,
        "ko": 0
    },
    "standardDeviation": {
        "total": 0,
        "ok": 0,
        "ko": 0
    },
    "percentiles1": {
        "total": 115,
        "ok": 115,
        "ko": 0
    },
    "percentiles2": {
        "total": 115,
        "ok": 115,
        "ko": 0
    },
    "percentiles3": {
        "total": 115,
        "ok": 115,
        "ko": 0
    },
    "percentiles4": {
        "total": 115,
        "ok": 115,
        "ko": 0
    },
    "group1": {
        "name": "t < 800 ms",
        "count": 1,
        "percentage": 100
    },
    "group2": {
        "name": "800 ms < t < 1200 ms",
        "count": 0,
        "percentage": 0
    },
    "group3": {
        "name": "t > 1200 ms",
        "count": 0,
        "percentage": 0
    },
    "group4": {
        "name": "failed",
        "count": 0,
        "percentage": 0
    },
    "meanNumberOfRequestsPerSecond": {
        "total": 0.06666666666666667,
        "ok": 0.06666666666666667,
        "ko": 0
    }
}
    },"req_postbrandinfoby-2bcd7": {
        "type": "REQUEST",
        "name": "PostBrandInfoBySpecificRegionMatchNotFoundFreeDefinitionNotFound",
"path": "PostBrandInfoBySpecificRegionMatchNotFoundFreeDefinitionNotFound",
"pathFormatted": "req_postbrandinfoby-2bcd7",
"stats": {
    "name": "PostBrandInfoBySpecificRegionMatchNotFoundFreeDefinitionNotFound",
    "numberOfRequests": {
        "total": 1,
        "ok": 1,
        "ko": 0
    },
    "minResponseTime": {
        "total": 100,
        "ok": 100,
        "ko": 0
    },
    "maxResponseTime": {
        "total": 100,
        "ok": 100,
        "ko": 0
    },
    "meanResponseTime": {
        "total": 100,
        "ok": 100,
        "ko": 0
    },
    "standardDeviation": {
        "total": 0,
        "ok": 0,
        "ko": 0
    },
    "percentiles1": {
        "total": 100,
        "ok": 100,
        "ko": 0
    },
    "percentiles2": {
        "total": 100,
        "ok": 100,
        "ko": 0
    },
    "percentiles3": {
        "total": 100,
        "ok": 100,
        "ko": 0
    },
    "percentiles4": {
        "total": 100,
        "ok": 100,
        "ko": 0
    },
    "group1": {
        "name": "t < 800 ms",
        "count": 1,
        "percentage": 100
    },
    "group2": {
        "name": "800 ms < t < 1200 ms",
        "count": 0,
        "percentage": 0
    },
    "group3": {
        "name": "t > 1200 ms",
        "count": 0,
        "percentage": 0
    },
    "group4": {
        "name": "failed",
        "count": 0,
        "percentage": 0
    },
    "meanNumberOfRequestsPerSecond": {
        "total": 0.06666666666666667,
        "ok": 0.06666666666666667,
        "ko": 0
    }
}
    },"req_postbrandinfoby-7045a": {
        "type": "REQUEST",
        "name": "PostBrandInfoBySpecificRegionMatchNotFoundFreeDefinitionNotFound Redirect 1",
"path": "PostBrandInfoBySpecificRegionMatchNotFoundFreeDefinitionNotFound Redirect 1",
"pathFormatted": "req_postbrandinfoby-7045a",
"stats": {
    "name": "PostBrandInfoBySpecificRegionMatchNotFoundFreeDefinitionNotFound Redirect 1",
    "numberOfRequests": {
        "total": 1,
        "ok": 1,
        "ko": 0
    },
    "minResponseTime": {
        "total": 114,
        "ok": 114,
        "ko": 0
    },
    "maxResponseTime": {
        "total": 114,
        "ok": 114,
        "ko": 0
    },
    "meanResponseTime": {
        "total": 114,
        "ok": 114,
        "ko": 0
    },
    "standardDeviation": {
        "total": 0,
        "ok": 0,
        "ko": 0
    },
    "percentiles1": {
        "total": 114,
        "ok": 114,
        "ko": 0
    },
    "percentiles2": {
        "total": 114,
        "ok": 114,
        "ko": 0
    },
    "percentiles3": {
        "total": 114,
        "ok": 114,
        "ko": 0
    },
    "percentiles4": {
        "total": 114,
        "ok": 114,
        "ko": 0
    },
    "group1": {
        "name": "t < 800 ms",
        "count": 1,
        "percentage": 100
    },
    "group2": {
        "name": "800 ms < t < 1200 ms",
        "count": 0,
        "percentage": 0
    },
    "group3": {
        "name": "t > 1200 ms",
        "count": 0,
        "percentage": 0
    },
    "group4": {
        "name": "failed",
        "count": 0,
        "percentage": 0
    },
    "meanNumberOfRequestsPerSecond": {
        "total": 0.06666666666666667,
        "ok": 0.06666666666666667,
        "ko": 0
    }
}
    }
}

}